{
  "episodes": [
    2500,
    5000,
    7500,
    10000,
    12500,
    15000,
    17500,
    20000
  ],
  "avg_loss": [
    0.7050442337244749,
    0.839489110559225,
    0.9086776715517044,
    0.9481895945966243,
    0.9939154340326786,
    1.0283090147376062,
    1.0660148875415325,
    1.1362447150051596
  ],
  "policy_loss": [
    0.39833030104637146,
    0.4801872156560421,
    0.5194424621760845,
    0.5352970485389232,
    0.5544141234457493,
    0.5660780155658722,
    0.5734881763160229,
    0.598828167617321
  ],
  "value_loss": [
    0.30671393267810343,
    0.359301894903183,
    0.3892352093756199,
    0.4128925460577011,
    0.4395013105869293,
    0.4622309991717339,
    0.4925267112255096,
    0.5374165473878384
  ],
  "entropy": [
    0.39985372439026834,
    0.48099482476711275,
    0.5202648749947548,
    0.5375098395347595,
    0.5568938714265823,
    0.5684355756640435,
    0.5758898413181305,
    0.5994963911175728
  ],
  "epsilon": [
    0.2270092,
    0.2040092,
    0.18100919999999998,
    0.15800920000000002,
    0.1350092,
    0.11200919999999998,
    0.08900919999999998,
    0.06600919999999999
  ],
  "temperature": [
    1.1812775,
    1.1125275,
    1.0437775,
    0.9750274999999999,
    0.9062775,
    0.8375275,
    0.7687774999999999,
    0.7000274999999999
  ],
  "buffer_size": [
    54678,
    108794,
    162784,
    216938,
    250000,
    250000,
    250000,
    250000
  ],
  "lr": [
    0.00028935997716049894,
    0.00025826865099809584,
    0.00021145560885389163,
    0.00015604771203304367,
    0.00010048031055270168,
    5.321303756849451e-05,
    2.144190691337146e-05,
    1.0003785223558954e-05
  ],
  "eval_vs_random": [
    0.48,
    0.6,
    0.54,
    0.56,
    0.52,
    0.58,
    0.62,
    0.52
  ],
  "eval_vs_rule": [
    0.0,
    0.0,
    0.0,
    0.0,
    0.0,
    0.0,
    0.0,
    0.0
  ],
  "eval_vs_mcts": [
    0.0,
    0.0,
    0.0,
    0.0,
    0.0,
    0.0,
    0.0,
    0.0
  ],
  "eval_vs_minimax": [
    null,
    null,
    null,
    null,
    null,
    null,
    null,
    null
  ]
}