{
  "episodes": [
    25088,
    50176,
    75264,
    100352,
    125440,
    150016,
    175104,
    200192,
    225280,
    250368,
    275456,
    300032,
    325120,
    350208,
    375296,
    400384,
    425472,
    450048,
    475136,
    500224,
    525312
  ],
  "avg_loss": [
    2.2065555834770203,
    2.158215405642986,
    2.1510566994547844,
    2.1382132658362387,
    2.126302473545074,
    2.1234339889883995,
    2.1243470340967177,
    2.125876913368702,
    2.125462934970856,
    2.124627566039562,
    2.125847528576851,
    2.1283547472953797,
    2.108843873888254,
    2.1368888381123545,
    2.1134803222119807,
    2.1066218894720077,
    2.1115423007309437,
    2.110000968873501,
    2.121986258327961,
    2.1119251000881194,
    2.117568597793579
  ],
  "policy_loss": [
    1.5611339128017425,
    1.5488706076145171,
    1.5489437556266785,
    1.549098665714264,
    1.544551454782486,
    1.5448965317010879,
    1.5444181644916535,
    1.5460393100976944,
    1.5438333266973496,
    1.5443544644117355,
    1.5444366359710693,
    1.5414405930042268,
    1.54656985104084,
    1.5662444710731507,
    1.5723045295476914,
    1.5649204683303832,
    1.5686288106441497,
    1.5558254081010818,
    1.5448009955883026,
    1.544683245420456,
    1.528134748339653
  ],
  "value_loss": [
    0.6454216706752777,
    0.6093447980284691,
    0.6021129438281059,
    0.5891146001219749,
    0.5817510187625885,
    0.5785374572873115,
    0.5799288696050644,
    0.5798376032710075,
    0.5816296082735062,
    0.5802731016278266,
    0.5814108926057816,
    0.5869141542911529,
    0.562274022847414,
    0.5706443670392036,
    0.5411757926642895,
    0.5417014211416245,
    0.5429134900867939,
    0.554175560772419,
    0.5771852627396583,
    0.5672418546676635,
    0.5894338494539261
  ],
  "entropy": [
    1.5655741250514985,
    1.5514652329683303,
    1.5510141456127167,
    1.5506646239757538,
    1.5460789388418197,
    1.546319254040718,
    1.5459581577777863,
    1.5473683661222457,
    1.5448170077800751,
    1.5451546519994737,
    1.5460344004631041,
    1.5430669456720352,
    1.5481808471679688,
    1.5727532958984376,
    1.579826322197914,
    1.5720607447624206,
    1.5758497446775437,
    1.5631703996658326,
    1.550660766363144,
    1.5524690020084382,
    1.535774024128914
  ],
  "epsilon": [
    0.28975999999999996,
    0.27930666666666665,
    0.26885333333333333,
    0.25839999999999996,
    0.24794666666666665,
    0.23770666666666665,
    0.2272533333333333,
    0.2168,
    0.20634666666666665,
    0.1958933333333333,
    0.18544,
    0.1752,
    0.16474666666666665,
    0.1542933333333333,
    0.14384,
    0.13338666666666665,
    0.12293333333333331,
    0.11269333333333331,
    0.10224,
    0.09178666666666666,
    0.08133333333333331
  ],
  "temperature": [
    1.947776,
    1.894464,
    1.8411520000000001,
    1.78784,
    1.734528,
    1.682304,
    1.628992,
    1.57568,
    1.5223680000000002,
    1.4690560000000001,
    1.4157440000000001,
    1.3635199999999998,
    1.310208,
    1.256896,
    1.203584,
    1.150272,
    1.0969600000000002,
    1.044736,
    0.9914240000000001,
    0.9381120000000001,
    0.8848
  ],
  "buffer_size": [
    1000000,
    1000000,
    1000000,
    1000000,
    1000000,
    1000000,
    1000000,
    1000000,
    1000000,
    1000000,
    1000000,
    1000000,
    1000000,
    1000000,
    1000000,
    1000000,
    1000000,
    1000000,
    1000000,
    1000000,
    1000000
  ],
  "lr": [
    0.0002995498051059853,
    0.00029820201594728854,
    0.00029596500173490815,
    0.00029285265339817256,
    0.0002888842973278341,
    0.0002841906509986342,
    0.0002786053947365468,
    0.00027225260030090074,
    0.00026517171590711167,
    0.0002574067109068924,
    0.0002490058027568378,
    0.00024020999042001457,
    0.00023070759369343217,
    0.00022073508424796855,
    0.00021035438722614565,
    0.0001996299624458332,
    0.000188628404131546,
    0.0001776484405041108,
    0.0001663009958123435,
    0.00015488337662937615,
    0.00014346648162911202
  ],
  "eval_vs_random": [
    0.97,
    0.97,
    0.96,
    0.97,
    0.96,
    0.98,
    0.96,
    0.97,
    0.97,
    0.99,
    1.0,
    0.99,
    0.97,
    0.95,
    0.95,
    1.0,
    0.97,
    0.95,
    0.97,
    0.99,
    0.96
  ],
  "eval_vs_rule": [
    0.5,
    0.5,
    0.0,
    0.5,
    0.5,
    0.0,
    0.0,
    0.0,
    0.5,
    0.0,
    1.0,
    0.5,
    0.5,
    0.5,
    0.5,
    0.0,
    0.0,
    0.5,
    0.0,
    0.0,
    0.0
  ],
  "eval_vs_mcts": [
    0.0,
    0.0,
    0.0,
    0.1,
    0.0,
    0.05,
    0.0,
    0.1,
    0.05,
    0.0,
    0.0,
    0.0,
    0.0,
    0.0,
    0.05,
    0.0,
    0.05,
    0.0,
    0.0,
    0.0,
    0.0
  ],
  "eval_vs_minimax": [
    null,
    null,
    null,
    null,
    null,
    null,
    null,
    null,
    null,
    null,
    null,
    null,
    null,
    null,
    null,
    null,
    null,
    null,
    null,
    null,
    null
  ]
}