{
  "episodes": [
    25088,
    50176,
    75264,
    100352
  ],
  "avg_loss": [
    2.617559915781021,
    1.7872045822441578,
    0.44328318689018487,
    0.36164386440068486
  ],
  "policy_loss": [
    1.8925860136747361,
    1.259914870262146,
    0.26847181141376497,
    0.21989019095897674
  ],
  "value_loss": [
    0.7249739021062851,
    0.5272897119820118,
    0.17481137547641992,
    0.14175367344170808
  ],
  "entropy": [
    1.8931895941495895,
    1.2665472376346587,
    0.2736106000095606,
    0.22484660506248474
  ],
  "epsilon": [
    0.023900799999999972,
    0.02,
    0.02,
    0.02
  ],
  "temperature": [
    0.57416,
    0.15,
    0.15,
    0.15
  ],
  "buffer_size": [
    500000,
    500000,
    500000,
    500000
  ],
  "lr": [
    0.0002999999931278934,
    0.0002999999725115736,
    0.0002999999381510431,
    0.00029999989004630463
  ],
  "eval_vs_random": [
    0.62,
    0.8,
    0.84,
    0.83
  ],
  "eval_vs_rule": [
    0.0,
    0.0,
    0.0,
    0.0
  ],
  "eval_vs_mcts": [
    0.0,
    0.0,
    0.0,
    0.0
  ],
  "eval_vs_minimax": [
    null,
    null,
    null,
    null
  ]
}