{
  "episodes": [
    2000,
    4000,
    6000,
    8000,
    10000,
    12000,
    14000,
    16000,
    18000,
    20000,
    22000,
    24000,
    26000,
    28000,
    30000,
    32000,
    34000,
    36000,
    38000,
    40000,
    42000,
    44000,
    46000,
    48000,
    50000,
    52000,
    54000,
    56000,
    58000,
    60000,
    62000,
    64000,
    66000,
    68000,
    70000,
    72000,
    74000,
    76000,
    78000,
    80000,
    82000,
    84000,
    86000,
    88000,
    90000,
    92000,
    94000,
    96000,
    98000,
    100000
  ],
  "avg_loss": [
    0.5183103790283203,
    0.5543396695256233,
    0.550914242386818,
    0.5527051962614059,
    0.5493428267836571,
    0.5671997276544571,
    0.5817901742458343,
    0.5962589267492294,
    0.6020761570930481,
    0.6140788660645485,
    0.6273458515405654,
    0.6380141805410385,
    0.6415528726577758,
    0.6398434821367264,
    0.6251009578704834,
    0.5960204973220825,
    0.5634245716333389,
    0.5322424334287643,
    0.5031764795184135,
    0.4828602083921433,
    0.47524018520116806,
    0.47499738389253615,
    0.47445343458652495,
    0.4777810264825821,
    0.4884651204943657,
    0.4945772584080696,
    0.4979101723432541,
    0.49670750308036804,
    0.4937611848115921,
    0.48992631483078003,
    0.4844707314968109,
    0.47611513078212736,
    0.47890894711017606,
    0.46954594284296036,
    0.46995911008119584,
    0.46768558031320573,
    0.47468091583251953,
    0.47140651738643646,
    0.4783101807832718,
    0.490044059574604,
    0.4921573891043663,
    0.49318563014268874,
    0.4975397046804428,
    0.5069802234768868,
    0.5143766860961914,
    0.5172262468934059,
    0.5218266757130623,
    0.5278672376275062,
    0.524394268810749,
    0.519090252161026
  ],
  "epsilon": [
    0.94003,
    0.88003,
    0.82003,
    0.76003,
    0.7000299999999999,
    0.64003,
    0.58003,
    0.52003,
    0.46003000000000005,
    0.40003,
    0.34003000000000005,
    0.2800299999999999,
    0.22002999999999995,
    0.16003,
    0.10002999999999995,
    0.1,
    0.1,
    0.1,
    0.1,
    0.1,
    0.1,
    0.1,
    0.1,
    0.1,
    0.1,
    0.1,
    0.1,
    0.1,
    0.1,
    0.1,
    0.1,
    0.1,
    0.1,
    0.1,
    0.1,
    0.1,
    0.1,
    0.1,
    0.1,
    0.1,
    0.1,
    0.1,
    0.1,
    0.1,
    0.1,
    0.1,
    0.1,
    0.1,
    0.1,
    0.1
  ],
  "win_rate_vs_random": [
    0.94,
    0.94,
    0.96,
    0.95,
    0.97,
    0.95,
    0.98,
    0.97,
    0.97,
    0.98,
    0.99,
    1.0,
    1.0,
    0.99,
    0.99,
    0.99,
    0.98,
    0.99,
    0.98,
    0.97,
    0.97,
    1.0,
    0.98,
    0.96,
    0.98,
    0.96,
    0.98,
    0.98,
    0.99,
    0.98,
    0.98,
    0.98,
    0.97,
    0.98,
    0.98,
    0.93,
    0.96,
    0.97,
    0.98,
    0.98,
    0.98,
    0.96,
    0.98,
    0.98,
    1.0,
    0.99,
    0.97,
    0.98,
    0.96,
    0.98
  ],
  "win_rate_vs_rulebased": [
    0.5,
    0.5,
    0.0,
    0.5,
    1.0,
    0.5,
    1.0,
    0.5,
    1.0,
    1.0,
    1.0,
    1.0,
    1.0,
    1.0,
    1.0,
    1.0,
    1.0,
    1.0,
    1.0,
    1.0,
    1.0,
    1.0,
    1.0,
    1.0,
    1.0,
    1.0,
    1.0,
    1.0,
    1.0,
    1.0,
    1.0,
    1.0,
    1.0,
    1.0,
    1.0,
    1.0,
    1.0,
    1.0,
    1.0,
    1.0,
    1.0,
    1.0,
    1.0,
    1.0,
    1.0,
    1.0,
    1.0,
    1.0,
    1.0,
    1.0
  ],
  "avg_decision_time_ms": [
    1.1921118380716786,
    1.186173863299824,
    1.1621213871524207,
    1.1824324777498656,
    1.1874740983521193,
    1.1773259825841795,
    1.1880320052963016,
    1.1832757975235944,
    1.1890904239867137,
    1.1789105995966678,
    1.1990038396647464,
    1.1900636349046136,
    1.1972813166600342,
    1.2197763256655485,
    1.2216538387699263,
    1.2150953510715647,
    1.2291048470510355,
    1.196751512765473,
    1.2153057342409406,
    1.1775152950720755,
    1.2275126907265588,
    1.2452262844803452,
    1.2113416166887818,
    1.2473532594975993,
    1.256046835901141,
    1.2181745371541932,
    1.2432812524122605,
    1.215994127109767,
    1.2180662653802858,
    1.239603755098802,
    1.2240354900376316,
    1.289689563375139,
    1.2728981408748705,
    1.2456350298946506,
    1.2431995919743914,
    1.2768712518895817,
    1.2916730716184008,
    1.2494931035607768,
    1.2510361624715318,
    1.2382446373854001,
    1.2317178817979497,
    1.2420350110599625,
    1.2339762747439746,
    1.2248895157196409,
    1.3186820818137057,
    1.2406674853371544,
    1.3085760467469916,
    1.2362622745411553,
    1.2339245481311705,
    1.251359254167945
  ],
  "buffer_size": [
    34142,
    67631,
    99808,
    132242,
    164342,
    196831,
    200000,
    200000,
    200000,
    200000,
    200000,
    200000,
    200000,
    200000,
    200000,
    200000,
    200000,
    200000,
    200000,
    200000,
    200000,
    200000,
    200000,
    200000,
    200000,
    200000,
    200000,
    200000,
    200000,
    200000,
    200000,
    200000,
    200000,
    200000,
    200000,
    200000,
    200000,
    200000,
    200000,
    200000,
    200000,
    200000,
    200000,
    200000,
    200000,
    200000,
    200000,
    200000,
    200000,
    200000
  ],
  "lr": [
    0.0002997138756220992,
    0.0002988566316905992,
    0.0002974316513556593,
    0.00029544455836365096,
    0.0002929031948627961,
    0.0002898175904537948,
    0.00028619992260757053,
    0.00028206446860635825,
    0.00027742754919779115,
    0.0002723074641843658,
    0.00026672442020248774,
    0.00026070045097610346,
    0.0002542593303596579,
    0.00024742647851358496,
    0.00024022886158244533,
    0.00023269488527199016,
    0.0002248542827447827,
    0.00021673799727696844,
    0.0002083780601393102,
    0.00019980746418439828,
    0.00019106003363893366,
    0.00018217029061495858,
    0.00017317331886685142,
    0.00016410462533177696,
    0.00015500000000002561,
    0.00014589537466827313,
    0.00013682668113319804,
    0.00012782970938509658,
    0.00011893996636112794,
    0.00011019253581566222,
    0.00010162193986074897,
    9.326200272308936e-05,
    8.514571725527377e-05,
    7.730511472806573e-05,
    6.977113841761042e-05,
    6.257352148646297e-05,
    5.5740669640361335e-05,
    4.929954902391357e-05,
    4.3275579797525876e-05,
    3.769253581564706e-05,
    3.257245080222258e-05,
    2.7935531393654444e-05,
    2.3800077392440156e-05,
    2.018240954621309e-05,
    1.7096805137209338e-05,
    1.4555441636352746e-05,
    1.25683486443425e-05,
    1.1143368309401767e-05,
    1.0286124377900872e-05,
    1e-05
  ]
}