{
  "episodes": [
    25088,
    50176,
    75264,
    100352,
    125440,
    150016,
    175104,
    200192,
    225280,
    250368,
    275456,
    300032
  ],
  "avg_loss": [
    2.2130534791946412,
    2.1689986327290534,
    2.150633746087551,
    2.1384474650025367,
    2.1309084579348565,
    2.1257303640246388,
    2.1273115405440333,
    2.1283782979846,
    2.1223869374394417,
    2.126726143658161,
    2.123068935871124,
    2.1239589270949364
  ],
  "policy_loss": [
    1.5628932511806488,
    1.5535604321956635,
    1.548264233469963,
    1.5499281883239746,
    1.5467076021432877,
    1.543252903819084,
    1.545612924695015,
    1.545550176501274,
    1.5452669143676758,
    1.5468406105041503,
    1.548163360953331,
    1.5433641803264617
  ],
  "value_loss": [
    0.6501602280139923,
    0.61543820053339,
    0.6023695126175881,
    0.5885192766785622,
    0.5842008557915688,
    0.5824774602055549,
    0.581698615849018,
    0.582828121483326,
    0.5771200230717659,
    0.5798855331540108,
    0.5749055749177933,
    0.5805947467684746
  ],
  "entropy": [
    1.5673088932037353,
    1.5562464302778245,
    1.5499033880233766,
    1.5512864500284196,
    1.5481308168172836,
    1.5450645089149475,
    1.5469953280687332,
    1.546890562772751,
    1.5461406689882278,
    1.5484487968683243,
    1.5490899187326432,
    1.5442287874221803
  ],
  "epsilon": [
    0.28975999999999996,
    0.27930666666666665,
    0.26885333333333333,
    0.25839999999999996,
    0.24794666666666665,
    0.23770666666666665,
    0.2272533333333333,
    0.2168,
    0.20634666666666665,
    0.1958933333333333,
    0.18544,
    0.1752
  ],
  "temperature": [
    1.947776,
    1.894464,
    1.8411520000000001,
    1.78784,
    1.734528,
    1.682304,
    1.628992,
    1.57568,
    1.5223680000000002,
    1.4690560000000001,
    1.4157440000000001,
    1.3635199999999998
  ],
  "buffer_size": [
    1000000,
    1000000,
    1000000,
    1000000,
    1000000,
    1000000,
    1000000,
    1000000,
    1000000,
    1000000,
    1000000,
    1000000
  ],
  "lr": [
    0.0002999999982819734,
    0.00029999999312789303,
    0.00029999998453776,
    0.0002999999725115736,
    0.00029999995704933454,
    0.0002999999385710684,
    0.0002999999163068485,
    0.000299999890606577,
    0.00029999986147025463,
    0.0002999998288978822,
    0.00029999979288946037,
    0.0002999997542843256
  ],
  "eval_vs_random": [
    0.95,
    0.99,
    0.97,
    0.96,
    0.99,
    0.97,
    0.95,
    0.99,
    0.96,
    0.98,
    0.97,
    0.97
  ],
  "eval_vs_rule": [
    1.0,
    0.0,
    0.0,
    0.5,
    1.0,
    0.5,
    0.5,
    0.0,
    0.5,
    0.0,
    0.5,
    1.0
  ],
  "eval_vs_mcts": [
    0.0,
    0.0,
    0.0,
    0.0,
    0.1,
    0.0,
    0.0,
    0.05,
    0.0,
    0.0,
    0.05,
    0.1
  ],
  "eval_vs_minimax": [
    null,
    null,
    null,
    null,
    null,
    null,
    null,
    null,
    null,
    null,
    null,
    null
  ]
}